,0,1,2,3,4,5,6
1,77,77,68,77,76,75,76
2,88,88,88,68,68,73,68
3,68,88,68,88,68,68,68
4,80,73,80,68,77,68,68
5,80,88,78,78,78,78,80
6,80,68,80,80,80,68,80
7,80,80,80,68,87,68,80
8,77,68,68,77,68,77,77
9,68,80,68,68,68,68,68
10,89,89,89,89,80,69,69
11,88,88,88,68,88,88,68
12,88,68,78,88,68,68,68
13,77,77,68,68,77,68,68
14,80,86,86,86,67,67,86
15,80,69,69,69,80,69,80
16,77,77,68,77,86,77,68
17,83,83,83,73,78,83,83
18,68,80,80,68,80,68,80
19,68,68,80,80,80,68,80
20,86,68,86,86,68,68,86
21,77,77,88,84,73,69,73
22,89,69,73,89,89,80,73
23,80,88,69,69,69,80,80
24,69,78,73,69,69,73,78
25,69,69,69,69,69,77,77
26,68,77,77,77,77,68,77
27,73,73,73,68,68,68,68
28,68,80,80,68,68,80,88
29,77,73,74,74,78,77,68
30,80,80,80,40,80,80,80
31,68,80,88,88,80,80,80
32,67,79,79,67,67,67,79
33,86,68,88,68,73,88,73
34,68,80,80,68,77,80,68
35,68,68,76,74,74,68,80
36,80,86,86,80,80,86,80
37,67,67,67,67,80,80,80
38,88,88,68,68,87,68,88
39,87,73,73,73,78,68,73
40,68,77,68,77,77,77,77
41,68,77,77,68,68,77,77
42,77,67,67,77,77,67,67
43,88,67,67,80,80,88,88
44,67,80,88,88,88,80,88
45,67,77,67,80,80,77,80
46,67,67,67,80,67,80,67
47,77,80,67,77,67,67,77
48,67,67,79,79,79,67,79
49,86,86,67,86,86,77,77
50,86,73,73,86,86,87,73
51,90,80,80,80,89,86,67
52,67,67,67,80,67,80,67
53,73,67,67,73,73,67,88
54,68,80,80,80,68,88,80
55,80,88,86,80,78,86,86
56,78,78,80,80,80,67,80
57,80,67,80,67,80,67,67
58,80,80,80,67,80,80,80
59,67,80,67,80,67,67,80
60,66,80,80,80,66,80,80
61,67,80,80,67,80,67,67
62,74,87,67,73,87,87,67
63,77,77,77,76,67,77,67
64,67,67,80,67,80,80,67
65,80,80,66,66,66,77,66
66,86,68,77,86,77,77,77
67,77,67,77,77,67,67,77
68,67,73,73,88,88,73,67
69,86,89,89,86,77,89,67
70,86,86,86,77,67,67,67
71,76,76,84,84,75,76,76
72,78,67,67,78,78,78,78
73,67,90,67,67,90,90,73
74,77,77,73,80,80,73,80
75,67,67,67,79,67,79,79
76,80,66,66,66,66,66,66
77,66,88,66,80,80,88,66
78,80,76,66,80,80,66,76
79,73,88,88,73,73,66,66
80,66,89,73,73,89,77,89
81,77,67,67,86,67,77,67
82,66,66,87,73,73,74,74
83,86,77,66,77,66,86,86
84,83,83,83,83,87,87,67
85,77,77,67,77,77,77,67
86,66,66,66,66,80,66,80
87,66,80,80,80,66,66,80
88,77,86,66,86,66,66,66
89,55,87,87,87,87,82,87
90,66,66,77,86,66,66,77
91,77,77,76,77,84,77,77
92,73,86,66,86,78,86,78
93,77,77,80,69,80,69,77
94,77,63,63,63,63,77,63
95,84,84,84,65,76,76,65
96,73,73,73,87,64,64,87
97,74,63,80,63,80,74,63
98,64,64,88,64,80,88,88
99,84,75,10,76,84,75,76
100,78,78,78,80,80,78,88
101,74,73,74,75,83,75,54
102,43,75,75,75,43,75,75
103,76,84,76,69,69,76,84
104,77,77,77,69,69,77,69
105,77,77,77,69,77,69,77
106,69,80,69,88,69,80,69
107,80,80,69,69,69,80,69
108,77,69,69,77,77,77,77
109,87,87,69,77,69,87,77
110,89,77,77,89,77,77,73
111,77,69,77,86,69,77,77
112,76,76,69,76,76,69,69
113,69,80,80,80,69,69,80
114,75,75,69,75,69,75,75
115,69,69,79,79,69,69,69
116,69,69,77,77,69,69,77
117,74,73,74,74,88,88,88
118,69,73,74,69,69,69,69
119,79,67,79,67,67,67,67
120,69,78,77,78,69,78,78
121,69,87,69,69,87,87,73
122,69,69,77,77,77,77,77
123,69,77,83,83,83,69,83
124,69,85,85,69,85,80,80
125,86,69,80,69,86,69,69
126,69,69,80,69,69,80,69
127,78,45,78,78,80,45,45
128,73,73,88,69,73,88,88
129,88,88,78,69,80,80,88
130,69,69,78,69,69,78,69
131,86,86,80,80,86,80,34
132,74,12,84,74,76,12,80
133,80,12,12,86,12,86,86
134,80,14,14,14,14,80,80
135,80,80,41,85,87,85,87
136,80,80,80,80,12,80,80
137,69,80,80,80,69,69,69
138,77,69,77,77,76,76,77
139,76,42,77,42,76,76,77
140,66,76,76,66,74,66,66
141,27,76,74,74,81,27,74
142,74,84,44,44,76,84,74
143,38,38,84,84,84,38,84
144,88,88,73,88,88,61,61
145,65,65,65,65,73,87,87
146,69,69,80,69,69,80,69
147,88,69,88,69,69,69,69
148,73,73,74,74,69,74,73
149,80,80,80,69,69,80,69
150,69,69,69,77,69,69,80
151,74,44,76,44,77,44,44
152,46,87,77,77,87,87,87
153,77,77,77,77,61,77,61
154,77,52,52,52,52,52,77
155,86,84,60,84,86,86,60
156,88,65,78,88,65,78,78
157,80,59,89,59,80,89,89
158,62,62,62,77,77,77,77
159,88,88,85,88,65,85,65
160,65,80,80,65,65,80,80
161,86,86,59,59,86,73,86
162,54,80,54,54,80,54,54
163,47,77,77,47,77,47,77
164,74,62,73,62,74,88,73
165,80,59,59,80,80,80,80
166,80,59,80,80,80,80,59
167,53,53,77,77,77,77,53
168,47,47,77,77,47,77,47
169,75,77,66,75,75,66,66
170,77,86,77,86,61,80,61
171,64,87,87,64,87,87,64
172,73,74,53,74,74,87,73
173,73,77,86,86,73,77,86
174,74,74,73,74,73,73,74
175,58,87,87,58,87,58,58
176,87,87,89,73,89,87,87
177,39,90,73,39,90,39,90
178,80,80,30,80,30,30,80
179,44,87,87,87,44,87,44
180,89,89,89,52,80,80,52
181,89,86,74,86,86,73,87
182,80,80,78,63,63,78,63
183,73,83,52,83,52,52,73
184,73,66,83,83,83,66,66
185,86,86,86,86,88,86,86
186,77,77,73,84,77,77,73
187,78,47,73,80,78,73,73
188,89,73,73,80,80,80,89
189,65,77,77,77,75,65,77
190,62,80,89,80,80,62,62
191,80,57,80,80,57,85,85
192,53,53,80,80,80,80,53
193,56,56,56,56,56,56,80
194,77,78,78,78,46,77,77
195,88,88,88,88,87,88,73
196,80,62,62,80,80,80,80
197,86,80,86,40,80,86,80
198,63,63,88,63,88,88,88
199,80,80,89,89,30,30,89
200,53,83,53,53,83,53,53
201,73,83,77,83,77,77,60
202,66,86,77,66,86,66,66
203,65,90,65,90,65,65,90
204,87,58,87,87,58,77,58
205,89,43,80,89,43,80,89
206,75,87,88,75,61,88,75
207,63,73,80,86,80,80,63
208,83,77,77,47,77,77,47
209,80,84,77,77,77,80,84
210,62,62,62,73,74,62,73
211,89,89,77,89,43,77,43
212,61,61,61,80,61,80,61
213,86,86,80,86,80,80,86
214,84,89,89,80,89,84,80
215,62,80,62,62,80,80,62
216,62,86,77,77,77,62,77
217,86,83,65,65,86,86,86
218,88,64,88,64,64,64,88
219,57,57,57,57,57,57,83
220,86,86,77,86,86,77,86
221,69,69,69,80,80,69,69
222,87,69,87,87,73,73,74
223,80,69,80,80,80,69,88
224,69,69,80,69,69,80,80
225,69,77,76,69,69,76,69
226,73,88,63,88,63,63,63
227,74,64,64,87,73,74,74
228,74,55,74,55,55,74,74
229,57,74,87,73,87,73,73
230,87,73,59,59,59,73,59
231,78,65,73,77,73,65,74
232,90,77,77,73,73,61,77
233,73,73,65,73,65,65,65
234,83,48,48,73,48,48,48
235,87,87,69,77,77,77,77
236,77,69,77,69,80,80,77
237,69,86,80,86,80,69,80
238,77,60,77,77,60,60,60
239,87,78,78,87,78,65,65
240,77,75,75,69,69,77,77
241,86,86,73,86,73,86,65
242,70,70,77,77,77,70,70
243,70,77,70,77,77,70,70
244,70,73,80,88,88,88,70
245,80,70,70,88,70,88,73
246,86,80,70,86,80,80,80
247,73,70,76,73,70,74,74
248,77,70,78,77,70,77,78
249,70,70,77,70,77,70,77
250,73,87,70,73,73,73,73
251,70,70,77,70,77,70,70
252,70,88,87,74,73,70,87
253,86,86,70,70,80,80,80
254,73,78,70,78,74,78,70
255,86,86,70,77,70,70,77
256,77,77,77,86,86,77,70
257,74,74,77,74,87,87,73
258,70,80,70,80,70,80,80
259,76,77,70,76,76,76,70
260,85,85,87,88,85,85,70
261,70,70,77,77,76,70,76
262,70,70,80,70,70,80,70
263,70,70,70,70,70,73,73
264,70,70,88,87,87,87,87
265,88,88,88,63,73,73,63
266,74,73,74,73,70,74,73
267,72,0,0,0,0,0,0
268,70,86,70,80,70,86,80
269,70,70,70,70,70,77,77
270,70,70,87,80,87,88,87
271,74,73,73,87,89,89,73
272,80,70,70,70,80,70,80
273,78,68,68,88,68,68,68
274,86,86,68,86,77,68,77
275,68,68,86,80,68,68,80
276,80,80,86,68,80,80,80
277,80,68,68,80,68,68,80
278,69,69,86,80,69,86,80
279,68,80,68,80,68,80,80
280,86,69,86,80,86,80,69
281,67,73,67,73,88,67,88
282,80,69,69,80,80,69,69
283,86,69,69,69,80,69,86
284,69,86,69,69,69,69,77
285,80,80,69,80,80,69,80
286,89,86,89,86,69,69,86
287,80,80,69,69,69,69,80
288,83,88,69,69,88,83,69
289,84,69,80,84,69,69,80
290,77,77,70,77,70,77,77
291,70,85,88,88,88,70,85
292,80,80,80,70,70,80,70
293,80,80,80,78,70,78,70
294,77,70,77,70,70,77,77
295,88,70,88,70,73,70,88
296,80,70,70,80,80,80,70
297,80,70,70,80,80,80,80
298,88,88,73,70,70,70,88
299,80,82,70,78,80,82,82
300,70,73,88,88,70,88,88
301,70,77,77,70,77,70,70
302,82,85,78,70,88,82,88
303,70,70,70,70,80,80,70
304,69,76,74,76,69,74,76
305,70,70,80,70,70,80,70
306,70,70,86,70,86,86,80
307,88,70,70,83,78,78,85
308,81,80,76,76,80,80,76
309,78,78,78,70,78,78,78
310,80,80,80,70,70,80,80
311,86,80,80,80,88,70,86
312,80,77,77,77,77,78,77
313,70,73,73,73,73,86,73
314,73,73,70,70,76,73,73
315,80,80,71,88,80,88,71
316,77,77,70,70,70,70,80
317,80,66,80,66,80,66,80
318,66,66,89,66,66,66,80
319,84,69,86,84,86,84,86
320,69,69,79,79,69,79,69
321,77,77,77,69,77,69,69
322,70,85,88,85,88,88,85
323,88,70,73,73,73,73,70
324,70,70,85,85,70,85,85
325,88,88,88,80,70,80,88
326,73,70,89,89,89,80,70
327,85,80,70,85,78,70,80
328,86,73,73,86,85,85,88
329,78,88,78,80,78,80,71
330,70,70,70,70,80,70,70
331,74,70,70,74,74,74,88
332,88,70,70,88,70,78,70
333,88,70,85,85,70,70,85
334,85,85,85,85,78,73,70
335,70,70,77,70,77,70,77
336,78,88,70,78,78,70,88
337,77,88,70,80,80,88,77
338,77,77,77,77,70,77,77
339,80,70,70,70,80,73,80
340,80,80,70,80,80,80,70
341,70,70,70,70,77,77,70
342,77,70,85,77,77,77,70
343,73,70,83,70,83,73,70
344,70,70,80,70,80,70,70
345,77,77,80,80,70,70,80
346,80,70,70,80,70,78,78
347,77,77,80,71,77,77,80
348,80,71,80,80,88,71,78
349,73,71,71,71,88,71,88
350,88,73,71,71,85,88,85
351,83,83,71,83,71,83,71
352,70,70,70,70,84,70,84
353,83,71,83,87,83,87,83
354,71,71,71,71,77,77,71
355,74,88,71,88,71,87,88
356,80,88,85,85,67,67,80
357,80,80,80,48,80,48,80
358,70,88,87,73,70,73,74
359,88,88,70,70,70,70,88
360,70,70,79,70,79,79,79
361,88,88,70,88,78,70,70
362,77,77,77,84,73,73,77
363,73,68,73,68,68,68,73
364,77,77,77,68,77,77,77
365,80,80,80,68,80,80,80
366,80,80,68,80,68,68,80
367,77,77,68,68,68,68,77
368,69,69,77,77,69,69,77
369,77,69,69,77,77,77,69
370,88,80,69,69,69,69,69
371,86,80,86,80,80,69,80
372,68,68,68,68,68,77,68
373,68,68,87,87,74,68,68
374,73,68,76,73,68,68,73
375,80,68,68,68,80,68,68
376,67,67,77,77,77,67,67
377,76,76,77,77,67,76,67
378,67,80,67,67,67,67,67
379,83,68,68,83,83,83,83
380,87,73,87,87,73,67,67
381,86,67,67,67,77,77,77
382,77,77,77,67,80,80,77
383,76,67,76,76,76,77,76
384,67,67,67,77,77,67,77
385,67,77,77,67,74,67,86
386,77,66,66,66,66,77,77
387,66,80,66,66,80,80,66
388,73,73,77,73,73,67,73
389,76,67,74,76,74,67,76
390,77,66,77,77,77,66,77
391,66,66,77,77,77,77,77
392,66,66,80,80,66,80,80
393,77,77,77,77,77,77,77
394,86,85,77,86,86,77,86
395,77,66,77,66,77,66,77
396,77,77,83,83,78,77,67
397,66,66,73,73,73,73,73
398,66,66,74,66,73,66,66
399,73,77,74,66,77,77,73
400,77,77,77,76,76,76,76
401,68,68,77,68,68,68,77
402,86,77,88,88,63,77,63
403,74,78,78,73,74,74,73
404,75,75,75,13,76,13,75
405,74,74,74,85,69,73,69
406,69,83,88,69,69,83,69
407,69,69,77,77,69,69,69
408,69,69,75,88,88,69,69
409,80,77,80,77,77,77,80
410,77,69,69,69,69,69,69
411,81,86,69,77,69,77,81
412,69,69,77,77,77,69,77
413,83,83,69,69,69,83,69
414,77,77,77,77,77,77,77
415,90,76,76,77,76,77,77
416,30,80,30,80,30,30,80
417,34,76,80,80,34,34,80
418,76,76,84,23,23,23,84
419,77,76,84,37,37,37,76
420,84,75,75,75,84,84,24
421,86,80,69,80,86,86,80
422,75,69,76,77,76,77,69
423,81,76,76,87,81,80,76
424,69,83,69,69,69,69,69
425,65,65,65,65,77,65,77
426,89,76,89,88,88,89,76
427,35,35,80,35,80,35,80
428,44,44,77,77,44,44,44
429,24,24,24,80,80,24,87
430,6,89,6,89,77,77,89
431,59,59,74,59,59,73,73
432,75,75,76,84,13,76,13
433,77,77,77,77,77,62,77
434,87,87,29,29,87,87,87
435,77,90,90,77,77,77,90
436,54,83,54,54,54,83,83
437,65,83,65,83,83,83,83
438,83,83,83,83,83,56,56
439,66,66,83,66,83,66,83
440,55,55,55,83,55,83,55
441,52,83,83,52,52,83,52
442,63,63,63,83,83,83,63
443,36,36,83,83,83,83,36
444,83,83,87,31,87,87,87
445,83,83,18,18,18,18,83
446,49,83,49,49,49,83,49
447,83,83,49,83,83,49,83
448,49,83,83,83,49,83,49
449,73,87,87,52,52,74,52
450,87,87,74,87,73,74,74
451,77,51,77,77,77,86,84
452,83,73,73,83,73,73,51
453,83,56,56,56,73,73,83
454,69,80,80,69,69,69,80
455,70,70,73,70,73,73,70
456,73,77,77,70,77,77,70
457,80,80,76,80,70,76,74
458,80,80,80,68,68,68,80
459,80,68,80,68,68,80,80
460,80,68,68,68,80,68,80
461,68,80,80,68,80,68,68
462,65,80,65,65,65,86,65
463,67,74,74,67,74,67,67
464,80,80,80,67,80,67,80
465,86,74,67,67,67,86,74
466,88,88,65,88,65,88,88
467,66,80,80,80,66,80,66
468,80,80,80,80,66,66,80
469,66,80,66,80,66,80,66
470,66,66,90,90,90,66,90
471,80,89,80,69,69,69,69
472,81,81,69,81,69,69,74
473,76,69,76,75,69,84,76
474,36,87,89,87,87,89,89
475,69,80,69,69,69,69,80
476,77,69,77,77,77,77,69
477,77,76,76,76,69,69,69
478,77,86,86,77,77,77,86
479,88,88,85,31,31,31,85
480,77,32,88,32,77,77,32
481,80,33,80,80,33,33,33
482,32,77,32,78,77,77,78
483,80,80,89,89,86,15,86
484,82,14,82,82,14,85,82
485,37,84,86,84,37,37,84
486,77,77,27,27,77,27,27
487,86,86,26,86,26,77,26
488,82,23,23,82,82,23,82
489,86,86,86,86,19,19,86
490,28,28,28,77,86,77,88
491,11,11,74,73,11,73,74
492,80,28,80,80,80,28,80
493,7,85,85,7,85,7,7
494,13,13,13,13,13,77,77
495,77,77,29,74,74,74,77
496,80,19,80,19,80,80,19
497,11,77,11,77,77,77,77
498,86,86,86,73,24,73,89
499,80,31,31,80,31,80,31
500,69,69,76,76,69,74,76
501,75,84,14,76,14,76,76
502,89,89,77,44,77,44,44
503,45,45,45,45,80,80,45
504,40,80,40,80,80,40,80
505,85,27,85,88,85,27,88
506,80,28,28,28,80,28,80
507,80,80,24,24,24,24,24
508,69,69,80,80,69,80,80
509,62,62,62,62,80,80,80
510,27,27,27,73,73,90,27
511,35,74,74,89,35,35,35
512,77,60,77,60,60,60,77
513,88,22,88,88,22,22,85
514,77,77,77,77,86,86,50
515,89,70,80,89,73,70,80
516,77,77,56,56,56,56,77
517,86,52,86,77,80,77,77
518,80,80,80,80,80,80,80
519,21,21,74,21,74,74,74
520,74,74,36,36,36,89,74
521,80,51,89,80,80,80,51
522,77,77,80,77,77,59,59
523,40,40,40,77,80,40,80
524,13,13,13,77,13,77,77
525,19,85,85,85,85,19,85
526,80,73,32,32,74,80,73
527,55,55,80,55,55,55,55
528,80,89,80,89,57,57,80
529,58,58,80,58,80,80,80
530,74,48,48,74,48,74,48
531,80,69,69,80,86,86,80
532,70,70,86,70,70,86,86
533,85,70,85,70,70,85,70
534,80,70,80,80,80,70,80
535,77,70,70,70,86,77,77
536,80,80,80,70,70,80,70
537,80,64,80,64,64,64,64
538,75,70,76,84,84,84,70
539,77,76,76,77,76,76,70
540,68,68,73,73,68,73,73
541,68,74,73,73,74,74,74
542,86,84,75,86,75,84,68
543,80,80,68,80,68,80,80
544,78,69,69,69,69,80,86
545,77,68,86,77,86,86,77
546,88,73,88,73,73,88,88
547,69,78,69,78,69,78,78
548,76,81,69,69,76,81,76
549,80,80,86,80,86,89,89
550,68,88,88,73,88,88,73
551,68,68,68,83,68,83,83
552,68,87,68,68,87,68,68
553,80,68,86,80,86,68,86
554,74,74,68,68,68,74,73
555,68,68,80,80,68,68,68
556,90,68,90,90,68,90,68
557,84,84,80,67,67,84,84
558,67,88,88,88,67,80,81
559,67,83,80,83,83,80,83
560,77,87,74,74,68,74,81
561,67,67,80,80,67,83,67
562,74,73,90,74,90,68,68
563,83,83,68,83,83,68,68
564,77,77,68,83,77,77,83
565,88,83,83,88,88,83,88
566,74,67,88,73,67,74,67
567,67,83,83,83,67,83,83
568,86,67,73,67,67,67,88
569,83,67,80,67,83,83,80
570,67,67,90,67,90,90,90
571,88,88,66,77,88,88,77
572,88,88,73,73,73,73,67
573,66,83,66,88,88,66,88
574,86,86,66,66,86,66,88
575,90,67,90,67,67,77,67
576,74,74,73,74,78,66,78
577,77,77,87,77,87,87,87
578,87,73,87,73,87,87,73
579,77,66,77,77,77,77,77
580,68,77,68,68,68,77,68
581,80,66,80,88,80,80,80
582,86,80,80,66,66,86,86
583,78,88,66,78,66,88,88
584,80,66,80,76,66,76,76
585,66,66,77,77,66,77,77
586,67,67,67,67,67,67,67
587,66,85,80,66,80,80,85
588,64,84,76,75,64,64,84
589,42,42,42,90,90,90,90
590,83,87,69,87,87,73,73
591,88,69,80,88,88,69,80
592,68,88,88,88,88,68,88
593,89,66,89,66,89,89,89
594,80,86,80,69,69,69,69
595,69,88,69,88,69,69,69
596,75,75,84,75,75,84,84
597,88,69,73,88,69,73,69
598,69,77,69,77,69,69,77
599,73,73,73,69,69,69,69
600,69,69,76,76,76,69,76
601,74,74,74,89,16,89,74
602,84,84,86,24,84,24,84
603,88,27,85,88,88,27,88
604,7,7,77,77,7,77,7
605,84,17,17,17,84,84,17
606,23,80,23,23,23,80,80
607,88,86,86,88,86,13,13
608,88,88,18,88,18,18,86
609,77,77,77,23,77,77,23
610,84,84,84,84,31,84,31
611,78,17,82,82,78,82,85
612,80,10,80,80,80,10,10
613,9,9,77,77,77,77,77
614,80,29,29,29,29,29,80
615,8,8,8,8,8,88,8
616,83,83,83,41,87,83,83
617,80,80,80,3,3,3,80
618,80,28,28,80,80,28,28
619,88,80,80,80,80,88,88
620,69,80,80,80,80,69,80
621,90,90,28,90,90,90,28
622,33,74,76,76,74,76,76
623,76,77,76,67,77,77,67
624,76,75,84,75,76,75,75
625,76,76,76,36,75,36,75
626,76,76,76,80,22,76,22
627,80,80,80,80,64,64,64
628,80,78,69,69,78,78,80
629,55,77,77,77,77,84,55
630,84,84,38,38,77,84,38
631,89,73,86,86,80,73,89
632,80,80,80,55,80,80,80
633,80,11,11,11,11,11,11
634,69,69,69,69,69,79,69
635,53,53,53,83,83,83,83
636,54,74,88,73,87,54,74
637,77,83,83,83,77,83,83
638,80,55,55,55,80,80,55
639,80,52,80,52,80,80,52
640,80,80,62,62,80,62,62
641,80,89,89,89,80,80,89
642,82,63,82,80,63,80,82
643,67,86,86,80,80,86,80
644,61,79,79,61,79,79,61
645,63,63,79,63,63,63,79
646,90,90,90,90,90,90,90
647,58,89,58,58,89,58,58
648,86,25,86,77,25,86,86
649,78,88,57,88,88,80,57
650,80,30,30,80,30,80,30
651,80,73,62,80,73,80,73
652,80,77,63,63,63,77,63
653,78,31,82,88,88,82,82
654,88,82,47,82,88,85,85
655,77,74,74,59,59,59,74
656,82,78,4,88,4,82,88
657,35,82,35,35,35,88,35
658,63,63,63,80,80,63,63
659,88,77,77,85,85,77,85
660,64,80,80,80,80,80,80
661,25,25,25,90,25,25,25
662,80,80,53,53,53,86,80
663,77,77,52,52,77,77,77
664,80,80,80,80,57,57,80
665,87,65,83,65,87,65,65
666,47,47,83,47,47,83,83
667,83,83,83,83,50,83,50
668,73,54,73,54,54,54,83
669,83,64,83,83,64,83,83
670,87,88,88,87,66,83,83
671,8,83,83,8,83,8,83
672,65,83,65,83,65,65,83
673,35,88,88,88,35,82,88
674,83,55,55,55,83,83,55
675,1,1,83,83,1,83,1
676,80,69,69,80,80,69,69
677,79,70,70,79,70,70,79
678,80,80,88,80,70,88,88
679,73,54,74,74,73,73,73
680,73,74,70,70,70,74,74
681,70,70,70,70,83,70,70
682,88,70,70,85,70,70,83
683,77,70,70,70,70,77,77
684,73,73,66,88,73,88,66
685,69,69,88,73,69,69,69
686,80,66,73,80,80,66,80
687,77,89,77,77,70,70,77
688,70,70,77,70,77,77,77
689,70,70,73,88,88,73,70
690,80,89,80,89,80,89,89
691,82,87,82,71,82,88,82
692,77,77,86,77,86,68,77
693,80,80,80,68,68,68,80
694,86,68,68,68,86,86,68
695,77,68,80,77,77,77,68
696,80,80,69,69,69,80,88
697,68,80,68,68,80,68,80
698,67,67,80,67,80,80,80
699,67,80,67,80,67,67,67
700,68,77,77,68,68,68,68
701,79,79,66,66,79,79,66
702,77,67,77,67,86,67,77
703,80,80,67,67,67,67,80
704,86,80,86,80,66,86,66
705,25,84,25,25,84,25,84
706,83,83,83,83,83,83,69
707,64,64,64,80,64,64,64
708,62,62,80,80,80,80,80
709,65,86,77,65,86,65,77
710,77,58,77,77,77,58,58
711,80,80,69,69,80,80,80
712,77,60,77,60,60,80,80
713,80,68,80,80,80,80,80
714,86,86,86,86,80,68,80
715,68,68,80,77,68,77,80
716,80,86,86,80,68,68,86
717,80,69,88,80,88,69,88
718,77,69,69,77,77,77,77
719,89,67,77,67,89,67,77
720,86,73,86,68,73,86,74
721,68,77,77,68,77,68,77
722,77,77,68,68,68,77,68
723,68,68,68,80,68,77,77
724,68,68,80,80,80,68,80
725,67,77,67,67,77,77,77
726,68,68,76,76,68,76,80
727,67,86,80,80,80,67,86
728,77,87,67,67,67,67,87
729,67,80,67,67,80,67,67
730,80,69,69,80,80,80,69
731,86,67,80,80,80,67,80
732,66,77,86,66,86,86,86
733,80,67,80,86,67,67,67
734,77,66,77,77,66,77,77
735,66,80,80,80,80,80,80
736,86,66,66,80,80,66,80
737,80,67,67,80,77,77,67
738,77,86,77,86,86,67,77
739,77,63,77,86,86,77,77
740,86,86,80,86,86,80,69
741,88,88,88,88,69,88,69
742,88,69,88,80,69,88,69
743,69,88,88,73,69,69,73
744,80,89,69,69,89,69,89
745,45,45,45,45,45,45,45
746,58,77,77,77,58,58,58
747,66,66,77,86,66,86,77
748,70,88,86,86,73,73,86
749,70,86,86,77,77,86,86
750,80,70,70,70,70,80,70
751,70,86,88,70,70,70,88
752,71,73,71,73,71,88,88
753,67,80,80,80,80,67,80
754,78,70,88,78,88,88,78
755,76,76,73,87,76,74,68
756,77,77,77,68,77,77,77
757,68,79,68,68,79,68,79
758,88,69,88,88,87,87,88
759,68,73,68,68,68,68,73
760,68,87,68,68,68,68,68
761,68,68,73,73,73,68,88
762,80,69,69,80,69,80,69
763,77,69,77,69,77,69,69
764,69,69,69,86,77,77,77
765,77,77,65,65,77,77,86
766,79,69,79,69,79,69,79
767,83,68,83,68,68,68,68
768,76,74,76,76,74,68,68
769,68,68,74,73,87,85,68
770,78,85,82,82,85,68,88
771,73,88,87,87,73,88,73
772,80,68,80,68,80,68,80
773,88,88,88,67,88,67,67
774,68,83,83,83,83,83,83
775,68,86,86,68,68,86,86
776,80,68,68,68,80,80,68
777,83,68,83,68,83,68,68
778,80,86,77,77,80,86,68
779,73,67,73,73,67,73,73
780,77,67,77,77,77,67,67
781,68,77,86,86,86,68,86
782,80,67,80,67,80,67,67
783,86,86,77,77,86,86,67
784,83,66,66,66,83,80,83
785,77,77,77,86,86,67,67
786,86,86,68,68,77,77,86
787,80,68,77,77,77,77,68
788,88,83,83,83,83,83,67
789,68,68,77,77,77,77,77
790,77,77,68,68,77,77,77
791,68,76,68,76,76,76,76
792,67,77,77,67,67,77,67
793,77,67,67,77,67,67,67
794,86,86,67,80,80,86,86
795,67,77,67,67,77,67,76
796,67,86,77,77,67,86,77
797,67,87,87,87,67,87,73
798,68,68,68,73,73,68,68
799,68,80,68,68,80,80,68
800,83,88,88,83,83,88,88
801,67,77,77,77,67,67,67
802,88,74,78,74,78,88,66
803,73,80,80,73,80,66,89
804,77,77,67,67,77,77,77
805,66,77,77,77,77,77,77
806,66,78,80,66,80,66,78
807,80,66,80,80,66,80,66
808,80,66,73,73,66,80,80
809,73,80,73,73,73,73,66
810,73,73,67,67,73,67,67
811,79,79,79,79,66,66,66
812,67,74,67,76,67,67,67
813,69,79,69,79,79,79,69
814,79,67,67,79,67,79,67
815,80,86,86,86,86,80,86
816,83,83,68,83,68,68,68
817,80,80,69,80,69,69,80
818,77,69,77,77,77,69,77
819,77,69,77,69,69,69,69
820,77,74,75,77,75,74,69
821,77,86,86,69,69,86,69
822,41,80,41,41,41,80,80
823,88,82,78,88,69,69,78
824,77,69,77,77,69,77,77
825,88,69,88,87,69,88,87
826,74,69,74,74,74,74,74
827,69,73,74,69,88,73,69
828,76,76,69,74,76,69,69
829,74,69,74,69,73,69,74
830,88,88,69,69,88,73,85
831,88,88,69,88,88,88,87
832,80,80,81,69,80,69,81
833,73,73,69,69,69,73,73
834,88,68,88,88,88,88,68
835,7,7,77,77,84,86,86
836,12,12,77,77,12,86,12
837,14,80,80,80,14,80,14
838,73,73,73,73,69,69,73
839,88,83,88,88,88,88,88
840,73,90,69,73,90,73,80
841,73,73,73,88,88,88,73
842,76,76,33,33,77,76,80
843,77,32,32,77,77,77,76
844,78,78,78,78,69,78,69
845,77,69,77,77,69,77,77
846,80,80,80,69,69,69,69
847,79,80,69,79,79,69,69
848,82,88,82,82,88,17,88
849,73,73,86,86,63,86,73
850,69,79,79,79,79,79,69
851,39,39,80,80,80,80,39
852,88,88,88,80,69,69,80
853,77,77,83,83,65,77,65
854,83,60,83,77,60,77,60
855,86,73,73,85,54,54,80
856,80,80,80,64,77,80,77
857,69,79,69,79,79,79,69
858,83,69,83,83,83,83,83
859,77,77,59,83,77,77,59
860,83,83,88,88,83,88,83
861,59,59,83,59,59,83,59
862,76,76,69,76,77,77,76
863,80,80,69,69,69,69,69
864,77,77,77,77,77,69,69
865,80,70,80,70,70,70,80
866,69,86,77,77,86,69,77
867,80,69,69,69,69,80,80
868,70,70,70,80,70,80,80
869,70,70,77,70,70,77,70
870,86,70,70,70,86,86,70
871,77,77,77,77,70,70,77
872,86,86,70,86,86,70,70
873,86,70,86,77,70,70,86
874,70,80,70,70,80,80,70
875,80,86,86,70,70,70,70
876,77,77,73,70,70,73,73
877,70,70,74,86,74,74,70
878,77,70,70,85,85,77,70
879,70,88,70,88,73,73,70
880,70,80,80,80,80,70,80
881,70,70,70,73,73,77,77
882,80,80,80,80,80,70,80
883,80,70,80,70,70,70,80
884,79,70,70,79,79,70,79
885,71,71,83,71,83,71,71
886,86,86,86,86,86,70,70
887,80,70,80,80,80,70,80
888,80,80,80,70,70,80,80
889,70,70,70,70,86,70,86
890,74,73,74,74,70,74,73
891,70,89,80,89,80,80,80
892,70,76,77,70,77,81,70
893,77,70,70,70,77,77,77
894,76,70,77,76,70,77,76
895,83,83,83,88,70,83,83
896,70,70,70,80,70,80,80
897,74,73,73,68,74,68,73
898,80,80,80,70,80,80,80
899,70,80,80,70,70,80,70
900,80,70,80,70,80,70,80
901,70,70,70,77,70,70,77
902,85,78,78,78,77,77,88
903,80,86,86,70,80,70,70
904,77,77,70,70,77,80,70
905,86,80,86,86,86,80,80
906,80,70,86,86,70,80,70
907,70,77,70,70,77,70,77
908,77,77,77,77,77,71,71
909,71,71,71,80,71,71,71
910,80,80,80,71,71,80,80
911,78,71,78,80,80,78,78
912,73,88,71,73,71,71,71
913,77,71,71,77,77,77,71
914,88,71,71,85,88,78,88
915,71,80,71,71,71,80,71
916,71,71,87,73,71,71,71
917,88,88,88,73,73,73,73
918,86,86,71,71,71,71,86
919,87,74,74,74,74,74,68
920,80,80,68,68,80,80,68
921,66,66,80,86,80,86,86
922,69,90,90,90,69,90,69
923,64,64,64,80,64,80,80
924,69,69,69,80,69,80,74
925,69,69,69,87,87,88,88
926,69,77,77,77,69,69,77
927,80,80,80,80,80,80,69
928,80,80,80,69,83,69,80
929,77,76,77,76,76,76,76
930,88,88,69,74,74,74,69
931,87,87,88,69,69,87,88
932,69,77,76,77,76,69,69
933,80,80,69,80,69,69,69
934,69,80,69,69,69,80,80
935,89,89,89,70,80,89,89
936,70,86,86,77,86,77,80
937,80,70,80,70,70,80,70
938,77,77,70,86,77,70,70
939,88,88,68,88,80,68,68
940,67,67,77,77,77,77,67
941,67,67,67,77,80,80,80
942,66,80,66,80,80,66,80
943,67,67,88,67,88,67,88
944,89,89,67,89,77,80,67
945,86,85,88,36,85,86,86
946,76,75,76,76,76,54,54
947,61,74,74,86,86,61,74
948,77,86,86,70,70,86,86
949,68,68,86,68,86,86,80
950,80,68,68,68,68,80,80
951,68,81,81,81,68,74,74
952,77,77,77,68,68,77,68
953,68,80,68,80,68,80,77
954,79,68,79,79,68,79,79
955,86,80,68,86,80,86,68
956,80,67,67,67,67,80,67
957,65,65,65,65,65,77,65
958,80,67,67,80,80,80,80
959,77,66,66,66,77,66,77
960,80,80,80,80,66,80,66
961,80,80,80,66,80,66,80
962,80,66,80,66,66,80,66
963,66,80,80,80,88,66,80
964,68,77,80,77,68,80,80
965,84,77,30,84,30,84,30
966,86,30,86,86,86,30,30
967,80,80,9,80,9,9,80
968,22,22,22,84,22,84,84
969,75,75,41,76,76,76,75
970,64,64,77,64,77,77,64
971,77,64,77,64,77,64,77
972,80,65,80,65,65,80,80
973,79,69,69,79,79,79,69
974,88,80,69,88,88,69,80
975,69,88,88,69,69,88,69
976,88,87,69,73,73,88,88
977,73,73,69,69,73,69,69
978,88,69,85,85,88,88,85
979,88,80,69,88,80,88,80
980,80,80,69,80,69,80,69
981,69,69,69,80,80,80,80
982,74,88,73,69,74,88,69
983,88,69,88,69,88,69,69
984,88,88,88,70,70,88,88
985,69,80,69,69,69,80,69
986,70,88,70,88,70,70,70
987,70,70,88,88,70,70,70
988,86,70,70,77,70,86,86
989,84,84,84,76,75,84,84
990,80,80,86,80,70,80,86
991,78,78,78,70,70,70,70
992,88,88,88,88,77,70,70
993,76,70,77,84,74,84,76
994,70,80,80,70,70,80,70
995,77,77,70,77,77,70,70
996,76,77,76,76,77,77,68
997,68,77,68,68,68,77,68
998,77,77,77,67,67,77,67
999,77,77,77,67,77,77,67
1000,67,77,67,67,77,77,67
1001,77,69,69,69,77,69,77
1002,77,70,77,70,77,77,77
1003,77,76,85,70,77,70,70
1004,66,80,90,66,90,66,80
1005,80,80,80,64,64,80,64
1006,64,80,80,64,87,64,80
1007,70,77,77,77,77,77,77
1008,80,80,80,80,80,80,69
1009,69,69,80,80,80,69,69
1010,69,80,80,80,80,80,69
1011,69,69,69,69,69,69,78
1012,77,80,77,80,77,77,77
1013,70,73,73,88,88,74,88
1014,77,77,77,77,70,70,77
1015,70,80,76,70,80,76,76
1016,73,88,74,74,88,74,73
1017,69,69,80,69,69,69,69
1018,63,63,80,80,80,63,80
1019,62,73,88,62,62,62,73
1020,88,88,17,88,17,85,17
1021,80,80,36,80,80,80,80
1022,70,70,70,70,79,70,70
1023,77,70,77,77,70,77,70
1024,70,70,70,86,70,86,70
1025,80,88,70,88,70,80,88
1026,80,77,80,80,80,80,70
1027,68,73,73,73,73,73,68
1028,86,86,68,86,68,86,68
1029,68,77,68,77,68,68,68
1030,77,77,77,77,66,77,66
1031,76,67,76,74,76,74,76
1032,77,76,67,77,67,77,76
1033,76,74,76,76,69,74,69
1034,69,69,69,74,69,69,74
1035,66,66,66,66,66,77,77
1036,81,81,77,81,64,81,77
1037,55,86,55,84,84,84,55
1038,70,88,70,88,88,70,70
1039,70,70,80,80,80,70,70
1040,86,69,69,86,86,69,86
1041,68,68,77,68,86,86,86
1042,85,68,85,88,68,68,85
1043,77,77,68,77,68,68,68
1044,77,67,77,67,80,67,77
1045,66,80,66,80,66,66,66
1046,88,66,66,88,66,88,88
1047,69,77,69,77,77,69,77
1048,69,86,86,77,86,86,86
1049,69,77,77,77,77,77,69
1050,80,80,20,80,80,86,20
1051,77,69,69,69,77,77,77
1052,83,68,68,77,68,83,83
1053,68,68,68,68,68,80,80
1054,69,69,77,69,69,77,69
1055,67,67,67,80,67,67,67
1056,83,65,83,83,65,65,65
1057,77,77,77,69,69,77,77
1058,74,74,74,74,74,67,80
1059,69,69,69,77,77,69,69
1060,76,76,69,76,76,76,74
1061,80,80,69,80,77,77,77
1062,71,71,80,80,80,71,80
1063,68,76,68,80,76,80,80
1064,78,20,20,20,78,78,78
1065,56,89,89,56,56,89,89
1066,76,68,68,68,68,68,76
1067,77,69,69,69,69,77,77
1068,80,69,69,80,80,69,69
1069,78,80,67,67,67,67,78
1070,68,68,68,77,68,77,68
1071,77,68,68,77,68,68,77
1072,86,86,86,77,86,77,86
1073,67,67,88,88,88,67,88
1074,77,67,80,80,77,80,77
1075,80,67,80,67,67,80,80
1076,75,81,76,76,74,74,76
1077,88,67,88,67,67,67,88
1078,61,61,75,61,61,61,75
1079,77,84,84,77,69,69,77
1080,69,69,77,69,69,69,69
1081,78,78,78,78,69,69,69
1082,80,70,80,70,80,80,80
1083,88,70,78,88,88,78,78
1084,69,69,69,69,79,79,79
1085,80,80,80,86,86,80,86
1086,69,80,80,69,80,69,80
1087,69,73,73,73,69,69,69
1088,73,70,70,70,73,73,73
1089,88,86,86,70,73,73,88
1090,88,88,66,66,66,66,88
1091,50,50,75,76,84,50,76
1092,69,77,69,69,69,77,69
1093,77,69,69,77,69,69,69
1094,69,69,77,77,77,69,77
1095,77,69,77,77,69,69,77
1096,70,70,70,70,86,86,86
1097,69,69,69,80,80,69,80
1098,69,77,69,77,77,77,77
1099,67,80,80,67,67,67,80
1100,67,67,77,77,86,67,80
1101,66,85,85,66,80,66,85
1102,86,69,69,77,77,69,69
1103,63,80,77,77,63,77,77
1104,78,78,77,65,65,78,77
1105,71,71,71,74,73,71,88
1106,71,71,80,80,78,71,78
1107,68,80,80,80,80,68,80
1108,80,80,80,80,68,68,80
1109,88,88,80,80,88,67,88
1110,73,68,84,84,68,77,77
1111,80,80,69,69,69,69,80
1112,67,67,80,80,80,80,80
1113,67,67,67,80,67,80,80
1114,77,77,69,77,77,69,77
1115,86,86,80,69,80,80,86
1116,74,13,74,13,74,13,13
1117,80,80,80,80,80,80,80
1118,77,51,77,51,77,51,51
1119,80,80,86,80,86,60,86
1120,69,69,69,77,69,69,77
1121,84,69,84,80,80,80,69
1122,78,12,12,78,80,12,78
1123,80,80,27,27,27,80,80
1124,86,89,5,86,89,89,5
1125,88,88,34,34,88,34,34
1126,80,31,80,80,31,74,31
1127,80,80,71,71,80,71,80
1128,79,79,69,79,69,69,69
1129,85,86,86,80,86,80,85
1130,69,69,79,79,69,79,69
1131,88,68,88,88,68,68,68
1132,80,86,80,69,69,69,80
1133,48,74,48,76,76,74,76
1134,80,80,69,69,80,69,80
1135,80,80,80,84,80,64,84
1136,80,80,69,80,69,80,69
1137,86,69,69,69,69,80,86
1138,73,73,70,73,73,77,70
1139,73,88,78,88,78,73,78
1140,67,77,67,77,77,67,77
1141,66,79,66,66,66,66,79
1142,79,79,70,70,79,70,70
1143,70,78,70,70,70,88,88
1144,80,70,80,80,70,70,70
1145,67,67,80,80,67,80,67
1146,80,80,66,66,66,66,80
1147,80,68,80,68,80,68,68
1148,67,67,80,80,67,67,67
1149,44,44,80,44,80,80,44
1150,80,80,80,69,80,69,80
1151,78,78,69,69,69,69,78
1152,86,89,70,89,70,70,89
1153,84,80,84,66,84,66,66
1154,87,87,38,87,38,38,87
1155,69,77,86,69,77,77,69
1156,69,69,78,80,69,80,78
1157,70,70,83,70,70,70,83
1158,69,80,69,69,80,80,69
1159,87,52,52,85,87,87,87
1160,80,70,86,70,86,86,70
1161,69,80,80,73,80,80,80
1162,77,69,77,77,69,77,77
1163,80,69,69,80,69,80,80
1164,70,76,70,70,76,70,76
1165,77,77,69,77,80,77,80
1166,66,77,66,66,77,66,77
1167,67,67,67,67,77,77,67
1168,66,66,80,66,80,66,66
1169,80,67,80,67,67,80,80
1170,77,77,67,77,80,80,80
1171,67,67,80,80,67,80,80
1172,77,12,77,77,77,77,12
1173,70,80,70,80,70,86,70
1174,69,69,80,80,69,69,80
1175,86,86,70,70,86,70,70
1176,80,70,80,89,80,80,80
1177,69,77,69,77,77,77,77
1178,67,67,67,77,67,77,77
1179,68,77,77,77,77,77,77
1180,77,77,73,73,77,77,67
1181,67,73,73,67,73,73,67
1182,67,77,77,67,67,77,67
1183,77,67,73,77,77,67,67
1184,67,67,67,79,67,67,79
1185,67,89,67,67,67,77,67
1186,67,67,80,80,67,77,67
1187,78,78,78,48,48,48,48
1188,73,73,63,63,63,90,77
1189,80,70,80,80,80,80,80
1190,70,77,77,86,77,86,86
1191,71,80,78,78,78,80,71
1192,66,80,80,80,80,80,66
1193,67,80,80,80,80,67,67
1194,78,78,78,80,67,78,80
1195,66,66,66,66,80,66,66
1196,80,80,65,65,65,80,80
1197,80,80,77,80,77,77,77
1198,88,33,88,88,88,88,78
1199,83,83,77,83,77,69,83
1200,23,76,80,76,76,76,80
1201,69,79,79,69,79,69,69
1202,77,77,69,69,69,69,69
1203,84,84,8,86,86,8,86
1204,89,89,80,89,80,15,80
1205,69,80,69,80,69,80,69
1206,77,66,66,77,66,66,77
1207,68,88,88,88,68,68,88
1208,68,68,78,78,68,68,88
1209,67,77,67,77,67,67,77
1210,68,68,87,87,68,87,87
1211,67,67,86,80,86,67,86
1212,86,66,80,66,85,66,86
1213,66,66,78,88,66,78,78
1214,80,80,80,49,80,49,80
1215,73,73,87,69,73,73,69
1216,70,86,86,70,70,86,86
1217,88,68,68,68,88,68,88
1218,77,77,77,68,68,68,68
1219,76,76,76,77,76,76,77
1220,68,68,68,80,68,68,80
1221,80,67,80,67,67,67,80
1222,66,66,73,66,73,66,66
1223,66,66,66,66,66,66,66
1224,67,67,67,67,67,67,80
1225,77,77,77,77,77,68,68
1226,80,70,70,78,78,80,80
1227,80,80,68,80,80,68,68
1228,73,73,68,68,73,68,73
1229,80,88,88,80,80,88,80
1230,77,67,77,77,77,67,77
1231,63,63,80,73,73,73,63
1232,64,79,79,64,79,64,64
1233,69,80,80,80,80,69,80
1234,77,71,77,77,71,77,77
1235,78,78,78,78,78,78,78
1236,70,70,70,80,80,80,70
1237,69,69,69,77,69,77,69
1238,69,69,69,80,80,69,80
1239,86,86,74,73,68,73,86
1240,75,75,69,75,75,69,69
1241,77,77,77,70,70,77,70
1242,64,64,64,77,77,64,77
1243,71,83,71,83,71,71,83
1244,73,70,70,70,70,73,73
1245,78,70,70,70,70,78,78
1246,77,68,77,68,68,68,68
1247,67,90,90,67,67,90,90
1248,67,67,67,88,88,67,67
1249,77,66,66,66,77,66,66
1250,73,73,73,68,68,68,73
1251,77,77,70,77,77,70,70
1252,80,80,70,70,70,70,70
1253,68,88,68,88,68,68,88
1254,70,70,70,70,70,77,70
1255,70,70,70,70,70,80,70
1256,70,80,80,70,70,70,70
1257,80,70,80,80,70,70,70
1258,86,77,86,77,70,86,86
1259,77,86,86,69,86,69,86
1260,68,80,68,68,80,80,80
1261,80,80,68,80,68,68,68
1262,86,69,86,86,86,69,69
1263,80,69,69,69,69,80,80
1264,80,80,80,69,69,69,80
1265,70,70,70,70,70,80,80
1266,80,80,46,80,46,46,80
1267,80,80,68,80,80,80,68
1268,65,65,80,65,80,65,65
1269,86,30,30,30,30,86,86
1270,77,77,66,77,66,77,77
1271,67,77,67,67,67,77,77
1272,80,67,77,67,80,67,77
1273,88,88,88,67,80,67,88
1274,66,66,88,66,66,66,87
1275,88,67,67,88,88,88,67
1276,80,69,69,69,80,80,69
1277,78,73,78,78,78,69,73
1278,80,84,70,70,84,84,84
1279,74,70,76,70,76,74,76
1280,70,78,78,78,78,78,78
1281,80,80,80,69,80,69,69
1282,69,69,80,80,80,69,80
1283,77,70,77,77,70,70,77
1284,80,85,69,69,85,69,85
1285,80,67,67,80,67,80,80
1286,10,84,77,77,10,84,77
1287,69,77,77,77,77,77,77
1288,69,77,77,77,77,69,77
1289,86,86,69,86,86,86,69
1290,80,86,86,67,80,67,86
1291,69,77,77,77,77,69,69
1292,70,81,70,70,70,70,81
1293,81,74,87,87,71,76,74
1294,71,71,71,71,79,71,71
1295,70,70,77,70,77,70,80
1296,80,80,80,69,69,80,77
1297,67,86,86,86,86,67,67
1298,26,77,84,77,77,84,26
1299,80,86,80,80,14,80,86
1300,80,80,80,86,80,70,70
1301,54,54,54,77,54,77,77
1302,70,77,77,70,70,70,77
1303,73,67,73,67,67,73,67
1304,69,73,78,69,69,78,69
1305,77,77,68,68,77,77,68
1306,67,67,67,67,80,67,80
1307,79,79,67,79,67,79,79
1308,77,77,67,80,67,67,80
1309,80,80,80,47,80,47,47
1310,80,80,80,18,80,18,18
1311,69,77,69,69,69,69,69
1312,80,77,80,77,80,69,69
1313,85,85,85,85,82,82,85
1314,73,88,74,88,73,74,73
1315,86,86,70,80,70,70,70
1316,70,70,80,70,70,70,70
1317,80,69,80,69,80,69,69
1318,69,79,69,79,69,79,79
1319,69,80,69,69,69,69,69
1320,69,80,69,80,69,80,69
1321,77,69,69,69,69,69,69
1322,66,66,66,77,66,77,66
1323,67,67,67,67,80,80,67
1324,80,80,80,88,88,69,88
1325,80,80,69,80,69,80,69
1326,80,80,69,80,80,69,69
1327,80,80,80,80,67,67,67
1328,69,69,69,80,80,80,69
1329,80,69,69,80,69,80,69
1330,67,67,80,67,80,80,80
1331,68,79,79,79,79,68,68
1332,80,80,80,66,66,66,80
1333,67,67,77,77,67,77,77
1334,80,80,69,80,69,80,80
1335,80,69,80,80,69,80,80
1336,81,77,77,81,81,81,69
1337,69,69,69,69,77,69,77
1338,69,80,80,80,80,69,69
1339,80,80,66,80,66,77,80
1340,68,68,68,86,68,68,68
1341,80,80,65,65,80,80,65
1342,69,69,69,80,80,80,69
1343,68,68,68,80,68,68,68
1344,66,66,66,80,66,66,80
1345,80,67,80,67,80,80,80
1346,65,65,65,65,80,65,80
1347,80,80,31,31,80,80,31
1348,80,80,80,80,80,63,80
1349,77,77,66,77,77,66,66
1350,22,22,80,80,80,22,22
1351,77,69,77,69,69,69,77
1352,49,80,80,49,80,80,80
1353,67,67,86,67,67,67,67
1354,80,65,65,80,65,65,65
1355,80,69,80,69,69,69,69
1356,69,69,69,69,77,77,77
1357,86,86,89,86,67,89,67
1358,69,73,73,73,69,73,69
1359,69,69,69,69,80,80,69
1360,67,67,77,67,77,77,77
1361,69,77,69,77,77,77,77
1362,73,69,73,73,73,69,69
1363,69,79,79,79,69,79,69
1364,73,69,69,69,73,73,69
1365,66,73,80,73,73,66,73
1366,80,79,67,80,80,79,79
1367,75,67,67,75,67,67,67
1368,80,67,80,80,80,67,67
1369,23,80,23,23,80,23,80
1370,80,67,80,67,80,88,80
1371,83,77,83,77,77,83,67
1372,67,67,67,73,67,67,67
1373,44,44,44,72,44,44,44
1374,77,53,77,53,53,77,77
1375,80,80,80,80,66,66,80
1376,77,77,77,70,77,77,77
1377,70,86,86,70,86,86,70
1378,70,70,70,79,79,70,70
1379,86,86,86,70,86,86,70
1380,70,70,70,80,70,70,70
1381,69,80,69,69,80,80,80
1382,70,80,80,80,80,80,70
1383,70,70,70,70,74,70,70
1384,70,70,80,70,70,80,80
1385,77,70,70,77,86,70,70
1386,70,70,70,87,87,70,70
1387,70,86,86,86,70,70,70
1388,80,70,80,70,80,80,70
1389,80,80,80,80,80,80,70
1390,78,70,70,78,70,70,78
1391,80,80,80,70,80,70,70
1392,70,80,70,70,70,80,70
1393,73,70,73,70,73,88,70
1394,70,86,70,70,70,70,70
1395,80,71,80,80,71,80,71
1396,69,69,80,69,80,80,80
1397,7,80,7,80,7,7,7
1398,80,69,69,69,80,69,80
1399,70,70,88,88,70,88,88
1400,86,86,68,68,80,80,86
1401,66,66,80,66,66,80,80
1402,80,66,66,66,80,66,80
1403,67,80,77,67,80,77,67
1404,77,77,77,60,60,77,60
1405,70,80,70,80,80,80,80
1406,68,86,68,86,68,68,68
1407,73,73,67,73,67,67,67
1408,77,77,68,77,68,77,68
1409,76,75,76,67,67,67,76
1410,66,80,66,66,80,80,66
1411,87,87,74,74,74,74,87
1412,76,76,75,76,75,76,68
1413,67,67,73,67,73,67,73
1414,68,68,68,73,68,68,68
1415,67,67,67,76,67,73,67
1416,73,73,67,73,87,87,67
1417,70,80,70,70,80,70,80
1418,80,66,66,80,66,80,66
1419,67,87,73,67,67,87,67
1420,70,70,70,77,70,77,77
1421,80,80,66,80,66,80,80
1422,66,66,88,82,88,82,82
1423,89,80,80,80,68,80,80
1424,80,80,77,80,80,67,77
1425,77,67,80,67,80,77,67
1426,80,80,80,77,80,80,69
1427,80,80,80,69,69,80,80
1428,70,70,70,70,70,70,70
1429,71,86,86,71,71,80,86
1430,80,80,70,70,70,80,80
1431,70,70,70,70,70,70,88
1432,80,71,71,71,80,80,80
1433,73,73,80,80,73,73,73
1434,86,86,86,71,86,71,86
1435,77,68,68,77,77,77,68
1436,66,80,80,86,86,66,80
1437,67,77,77,67,67,77,67
1438,80,80,80,68,68,68,80
1439,80,78,67,67,67,78,80
1440,80,80,80,80,80,80,80
1441,68,80,86,68,86,80,86
1442,68,68,68,68,80,68,68
1443,67,80,67,80,67,67,80
1444,76,76,77,38,76,38,76
1445,80,80,80,80,80,80,67
1446,68,77,68,68,77,77,77
1447,66,66,80,66,80,80,80
1448,69,80,80,80,80,69,69
1449,69,80,80,80,69,80,80
1450,20,74,20,74,86,74,86
1451,88,13,13,13,88,88,13
1452,77,77,16,85,77,85,85
1453,19,78,80,80,19,78,19
1454,20,90,90,20,20,20,20
1455,90,16,16,90,16,16,16
1456,80,77,27,77,80,77,77
1457,69,77,69,69,77,80,77
1458,86,84,10,86,77,84,77
1459,69,84,69,84,84,69,84
1460,69,77,69,77,80,69,69
1461,77,77,8,77,77,77,8
1462,86,80,86,69,78,78,69
1463,70,77,70,77,70,70,70
1464,68,68,80,68,68,80,68
1465,80,68,80,77,77,68,80
1466,68,80,80,80,80,80,80
1467,80,80,66,80,66,80,80
1468,68,80,68,80,80,68,80
1469,74,74,76,74,74,74,74
1470,76,76,68,76,75,75,68
1471,68,68,88,88,68,88,68
1472,77,87,69,87,69,87,77
1473,76,80,80,76,76,12,76
1474,77,67,86,77,77,77,77
1475,66,77,77,80,77,80,80
1476,82,82,82,21,21,82,21
1477,83,83,83,70,83,70,88
1478,73,80,80,80,73,68,78
1479,68,77,77,77,68,77,77
1480,77,76,74,76,77,77,76
1481,67,67,80,80,80,67,80
1482,69,69,69,79,69,79,69
1483,80,73,80,71,73,73,71
1484,67,67,67,67,67,67,73
1485,89,80,80,67,67,86,67
1486,68,68,80,68,68,80,80
1487,66,77,77,66,86,77,77
1488,80,80,80,80,80,66,66
1489,67,77,67,67,67,67,77
1490,77,77,66,66,77,66,66
1491,73,80,68,68,68,88,88
1492,77,77,77,67,77,77,77
1493,86,86,86,86,86,86,86
1494,77,77,77,69,77,77,77
1495,80,80,80,80,69,80,80
1496,69,77,78,78,78,69,78
1497,79,79,79,79,69,79,69
1498,77,70,77,70,77,77,77
1499,77,77,77,77,77,77,77
1500,69,69,77,69,69,69,69
1501,89,89,70,70,89,89,89
1502,77,86,86,77,67,67,67
1503,68,68,76,68,76,68,68
1504,69,77,77,69,77,77,69
1505,78,69,78,80,69,78,78
1506,80,69,80,69,80,80,69
1507,69,77,69,69,69,69,69
1508,88,88,80,68,80,68,88
1509,67,77,77,67,77,77,67
1510,78,78,69,69,78,78,69
1511,70,70,77,77,77,77,77
1512,69,69,80,80,69,80,80
1513,70,70,70,70,70,77,77
1514,80,70,70,70,70,70,80
1515,86,68,86,86,68,68,86
1516,67,80,67,80,67,67,80
1517,69,69,80,80,80,69,69
1518,68,80,68,68,80,80,68
1519,68,68,80,78,78,68,80
1520,68,68,83,83,83,68,83
1521,77,77,77,66,66,77,66
1522,67,67,67,88,88,88,67
1523,67,67,73,74,67,73,74
1524,69,69,69,80,80,69,80
1525,71,86,71,86,77,77,77
1526,88,58,58,58,86,58,58
1527,71,77,77,77,71,77,71
1528,70,80,80,70,70,70,70
1529,89,69,89,69,69,89,89
1530,80,80,80,68,80,68,80
1531,74,74,68,74,76,76,76
1532,80,80,67,80,67,80,67
1533,66,80,80,66,66,80,66
1534,77,78,78,77,70,78,70
1535,67,67,67,80,67,80,80
1536,80,80,80,69,69,69,69
1537,77,70,77,70,70,77,70
1538,80,70,80,70,70,80,70
1539,80,66,80,80,66,66,80
1540,76,68,68,68,68,68,74
1541,67,80,80,80,80,80,67
1542,2,80,80,2,80,80,80
1543,69,69,80,69,69,80,69
1544,77,77,77,68,68,68,77
1545,86,86,80,86,80,86,80
1546,61,80,80,80,80,80,80
1547,79,79,68,79,68,68,68
1548,88,88,73,88,73,88,68
1549,68,88,88,88,88,68,68
1550,68,68,77,68,68,77,77
1551,67,67,67,67,80,67,67
1552,68,68,73,73,68,68,68
1553,85,85,68,68,88,88,68
1554,80,80,80,80,80,67,80
1555,76,66,66,66,76,74,66
1556,73,80,68,73,88,68,80
1557,77,80,80,69,80,77,69
1558,69,69,69,69,80,80,69
1559,88,80,73,73,80,67,80
1560,78,54,78,78,78,54,54
1561,79,79,80,80,80,79,79
1562,66,66,79,66,79,66,66
1563,67,67,86,67,86,67,67
1564,80,64,64,80,64,64,80
1565,80,65,65,65,65,65,80
1566,16,80,16,16,16,16,80
1567,77,77,65,77,65,77,65
1568,86,86,86,86,65,65,86
1569,60,80,80,80,77,60,80
1570,77,65,65,77,65,77,77
1571,46,80,80,80,46,46,80
1572,80,55,55,55,55,55,55
1573,41,41,41,83,83,41,41
1574,89,68,89,68,68,68,89
1575,63,80,80,80,80,63,63
1576,81,81,60,60,81,81,81
1577,80,80,80,80,80,80,29
1578,40,40,40,40,40,80,80
1579,61,61,61,61,61,61,61
1580,86,6,6,86,6,6,86
1581,23,85,23,23,23,85,23
1582,20,20,20,82,20,82,20
1583,59,59,80,80,80,59,80
1584,19,19,19,19,19,19,19
1585,63,79,79,63,79,79,79
1586,80,65,80,65,73,80,80
1587,31,31,90,31,90,90,31
1588,70,70,77,80,70,80,77
1589,70,77,70,77,70,77,77
1590,80,70,70,80,70,70,80
1591,80,80,80,80,80,71,71
1592,80,71,80,71,80,71,71
1593,69,77,77,77,77,69,77
1594,71,71,71,79,71,71,71
1595,69,73,88,88,73,88,73
1596,87,68,73,68,68,73,73
1597,73,73,65,80,80,73,65
1598,88,88,88,70,88,88,88
1599,80,69,80,69,69,80,80
1600,70,70,77,77,77,77,77
1601,88,88,88,88,88,70,70
1602,71,80,71,80,80,71,80
1603,69,80,69,80,69,80,80
1604,82,88,21,78,88,21,88
1605,77,70,77,70,70,77,70
1606,70,70,78,78,70,78,70
1607,80,71,71,71,71,71,71
1608,74,74,80,74,70,74,76
1609,77,77,70,70,77,70,70
1610,73,73,78,86,73,73,78
1611,70,77,70,77,77,70,77
1612,71,71,86,86,86,71,86
1613,80,71,73,80,80,73,80
1614,31,77,80,80,31,31,31
1615,76,73,76,70,81,74,81
1616,68,68,80,80,68,68,80
1617,70,70,70,86,86,70,86
1618,78,78,73,73,73,78,73
1619,80,69,80,69,69,69,69
1620,77,70,70,70,70,77,70
1621,88,88,88,88,88,88,69
1622,77,77,66,66,66,66,66
1623,80,69,69,69,80,80,80
1624,88,88,88,71,71,88,88
1625,83,83,83,83,70,83,88
1626,80,77,80,69,69,69,69
1627,77,69,80,77,69,80,80
1628,80,80,67,80,67,80,67
1629,68,79,79,68,79,68,79
1630,80,80,69,80,80,80,69
1631,66,66,77,66,66,77,77
1632,89,89,89,69,89,69,89
1633,69,69,69,80,80,69,77
1634,69,80,69,80,80,80,69
1635,80,59,80,59,80,80,80
1636,69,80,69,80,80,80,80
1637,69,80,69,69,80,69,80
1638,80,69,80,80,69,80,69
1639,80,69,80,80,69,80,80
1640,69,69,69,69,69,69,69
1641,69,79,79,79,69,69,79
1642,69,69,69,69,80,69,80
1643,80,70,80,80,80,70,80
1644,70,70,77,77,77,70,70
1645,71,80,80,80,80,71,80
1646,71,80,80,80,71,80,71
1647,78,78,77,78,80,78,77
1648,80,71,71,80,71,80,80
1649,71,71,79,77,79,77,71
1650,80,80,80,71,80,80,80
1651,88,71,80,88,88,80,80
1652,70,70,70,86,70,70,70
1653,80,80,80,80,80,69,69
1654,77,71,77,77,71,71,77
1655,86,86,86,77,67,86,67
1656,86,86,77,77,77,77,86
1657,80,73,73,73,69,80,69
1658,69,80,80,80,69,69,80
1659,69,69,69,77,77,69,77
1660,80,69,80,69,80,80,80
1661,67,80,67,80,67,67,67
1662,86,70,86,70,80,70,70
1663,89,89,89,89,80,70,89
1664,70,70,70,77,70,77,70
1665,80,70,70,70,80,80,70
1666,80,70,70,70,70,70,70
1667,70,80,80,70,80,80,80
1668,77,70,70,77,77,70,70
1669,78,70,80,78,78,78,80
1670,71,77,71,88,71,71,77
1671,80,71,71,80,80,80,80
1672,80,66,66,66,80,66,80
1673,88,68,73,68,88,73,68
1674,35,35,35,80,35,35,80
1675,80,80,80,80,80,69,69
1676,80,80,80,69,69,69,69
1677,69,69,69,69,80,69,69
1678,80,80,80,71,80,71,71
1679,86,86,86,86,71,71,71
1680,71,86,80,80,80,71,71
1681,77,67,77,77,67,77,67
1682,80,69,80,69,69,69,69
